"ID",Name,Address,Featured image,Bing Maps URL,Latitude,Longitude,Rating,Rating Info,Category,Open Hours,Website,Phone,Emails,Social Medias,Facebook,Instagram,Twitter
ypid:YN2DBB4FBEBEAAE5DA,Roofers Preston,"Private Address in Fishwick, England",,https://www.bing.com/maps?cp=53.76652145385742%7E-2.6915175914764404&lvl=16.0&q=Roofers%20Preston%20%2C%20Private%20Address%20in%20Fishwick%2C%20England,53.76652145,-2.691517591,,,Home service,Closed · Opens Mon 07:00,https://millersroofingpreston.co.uk/,01772 970548,,,,,
ypid:YNDB1269D66E481724,C M Roofing Services,"Private Address in Preston, England",,https://www.bing.com/maps?cp=53.78654861450195%7E-2.7438347339630127&lvl=16.0&q=C%20M%20Roofing%20Services%20%2C%20Private%20Address%20in%20Preston%2C%20England,53.78654861,-2.743834734,,,Home service,Closed · Opens tomorrow 08:00,http://www.cmroofing.org/,07867 970767,"info@cmroofing.org,hr@cmrd.co.th",,,,
ypid:YNDC35DCA0D033C690,Melling Roofing,"2 Fowler St, Preston PR2 3QD",,https://www.bing.com/maps?cp=53.77728271484375%7E-2.7174367904663086&lvl=16.0&q=Melling%20Roofing%20%2C%202%20Fowler%20St%2C%20Preston%20PR2%203QD,53.77728271,-2.71743679,5,Yell (13),Home service,Open 24 hours,http://www.mellingroofing.co.uk/,01772 461878,mellingmark@hotmail.com,,,,
ypid:YNB1CA3AC63A66B0F9,JSR Roofing Blackpool | Lytham | Preston,"Private Address in Preston, England",https://www.bing.com/th?id=OLC.grE6tckcrJnOLw480x360&pid=Local,https://www.bing.com/maps?cp=53.824222564697266%7E-2.8463637828826904&lvl=16.0&q=JSR%20Roofing%20Blackpool%20%7C%20Lytham%20%7C%20Preston%20%2C%20Private%20Address%20in%20Preston%2C%20England,53.82422256,-2.846363783,,,Home service,Open · Closes 20:00,https://jsr-roofing.co.uk/,01253 807695,,"https://www.facebook.com/jsrroofingblackpool,https://twitter.com/jsrroofing",https://www.facebook.com/jsrroofingblackpool,,https://twitter.com/jsrroofing
ypid:YN52A5FFC0B04C15B4,Millers Roofing Ltd,"The Watermark Studios 9-15 Ribbleton Lane, Fishwick",https://www.bing.com/th?id=OLC.XbuwWc4lvK6KnQ480x360&pid=Local,https://www.bing.com/maps?cp=53.762542724609375%7E-2.689556837081909&lvl=16.0&q=Millers%20Roofing%20Ltd%20%2C%20The%20Watermark%20Studios%209-15%20Ribbleton%20Lane%2C%20Fishwick,53.76254272,-2.689556837,5,Yell (67),Home service,Closed · Opens Mon 09:00,http://www.roofingpreston.co.uk/,01772 970548,info@millersroofingltd.co.uk,,,,
ypid:YNA256D47B07BE5A51,Ward and Son Roofing,"50 Saint Mark's Rd, Preston PR1 8TL",,https://www.bing.com/maps?cp=53.76420974731445%7E-2.7214155197143555&lvl=16.0&q=Ward%20and%20Son%20Roofing%20%2C%2050%20Saint%20Mark's%20Rd%2C%20Preston%20PR1%208TL,53.76420975,-2.72141552,,,Home service,,http://prestonroofingservices.co.uk/,01772 735125,,https://www.facebook.com/ward-and-son-roofing-256017054783255/,https://www.facebook.com/ward-and-son-roofing-256017054783255/,,
ypid:YN335BBFFEB319F511,Andrew Broster Roofing Limited,"3 Sycamore Ave, Preston PR3 1FR",https://www.bing.com/th?id=OLC.BJpj51rRaE+o0A480x360&pid=Local,https://www.bing.com/maps?cp=53.90612030029297%7E-2.781412124633789&lvl=16.0&q=Andrew%20Broster%20Roofing%20Limited%20%2C%203%20Sycamore%20Ave%2C%20Preston%20PR3%201FR,53.9061203,-2.781412125,,,Home service,,http://andrewbroster.co.uk/,01995 602291,"andrewbrosterandson@gmail.com,andrewbrosterandsons@gmail.com",,,,
ypid:YNB0E47E1D1945ED5A,Preston Roofcare Ltd - Roofing Services Preston – Professional Roofers,"8 Glenluce Dr, Preston PR1 5TB",https://www.bing.com/th?id=OLC.QlbNbayPOGvC6A480x360&pid=Local,https://www.bing.com/maps?cp=53.76518630981445%7E-2.6545774936676025&lvl=16.0&q=Preston%20Roofcare%20Ltd%20-%20Roofing%20Services%20Preston%20%E2%80%93%20Professional%20Roofers%20%2C%208%20Glenluce%20Dr%2C%20Preston%20PR1%205TB,53.76518631,-2.654577494,,,Home service,Open 24 hours,https://roofingservicespreston.co.uk/,07985 460338,"ahbihllc@gmail.com,info@roofingservicespreston.co.uk","https://twitter.com/roofcarep,https://www.facebook.com/roof-care-preston-347133232686644,https://www.youtube.com/@prestonyt,https://www.instagram.com/prestonplayz/reels/",https://www.facebook.com/roof-care-preston-347133232686644,https://www.instagram.com/prestonplayz/reels/,https://twitter.com/roofcarep
ypid:YN8C29B61767A0063B,Classic Roofing & Building Ltd,"The Firs, Moss House Lane, Preston PR4 3PE",https://www.bing.com/th?id=OLC.Q2XL8SOdltTOYA480x360&pid=Local,https://www.bing.com/maps?cp=53.78769302368164%7E-2.969492197036743&lvl=16.0&q=Classic%20Roofing%20%26%20Building%20Ltd%20%2C%20The%20Firs%2C%20Moss%20House%20Lane%2C%20Preston%20PR4%203PE,53.78769302,-2.969492197,,,Home service,Open 24 hours,http://classicroofingbuilding.co.uk/,0800 747 1821,,"https://www.facebook.com/classicroofingbuilding,https://www.instagram.com/classicroofingbuilding/",https://www.facebook.com/classicroofingbuilding,https://www.instagram.com/classicroofingbuilding/,
ypid:YN51FF1DAB6473BD00,Redline UPVC,"City House, 131 Friargate, Preston PR1 2EF",https://www.bing.com/th?id=OLC.jnFsbGnX8Z8Xsw480x360&pid=Local,https://www.bing.com/maps?cp=53.760780334472656%7E-2.7039735317230225&lvl=16.0&q=Redline%20UPVC%20%2C%20City%20House%2C%20131%20Friargate%2C%20Preston%20PR1%202EF,53.76078033,-2.703973532,,,Home service,Open · Closes 22:30,https://redlineupvc.co.uk/,07903 937995,info@redlineupvc.co.uk,"https://www.facebook.com/profile.php?id=100048098472165,https://x.com/redline_upvc",https://www.facebook.com/profile.php?id=100048098472165,,https://x.com/redline_upvc
ypid:YND11A8DD13146D311,Roof-Craft Roofing,"Private Address in Blackburn, England",https://www.bing.com/th?id=OLC.YBoZT1lzwxyiOw480x360&pid=Local,https://www.bing.com/maps?cp=53.86116409301758%7E-2.551269292831421&lvl=16.0&q=Roof-Craft%20Roofing%20%2C%20Private%20Address%20in%20Blackburn%2C%20England,53.86116409,-2.551269293,,,Home service,Closes in 13 mins,https://roofcraftroofing.co.uk/,07547 930749,"roofcraft2000@yahoo.com,info@roofcraftroofing.co.uk,helpdesk@nfrc.co.uk",https://www.facebook.com/roofcraftroofing,https://www.facebook.com/roofcraftroofing,,
ypid:YND633343A6ED66C32,Preston Roofer,"Private Address in Preston, England",https://www.bing.com/th?id=OLC.U3yZO9eMfEeH1g480x360&pid=Local,https://www.bing.com/maps?cp=53.689483642578125%7E-2.7961201667785645&lvl=16.0&q=Preston%20Roofer%20%2C%20Private%20Address%20in%20Preston%2C%20England,53.68948364,-2.796120167,,,Home service,Closed · Opens Mon 08:00,http://www.preston-roofer.co.uk/,07960 944672,info@prroofingservices.co.uk,"https://www.facebook.com/prestonroofer/,https://twitter.com/prestonroofer,https://www.youtube.com/watch?v=oxcotd7af9k",https://www.facebook.com/prestonroofer/,,https://twitter.com/prestonroofer
ypid:YN81592095A25B68F1,Redline Roofing and Fascias Leyland,"Oak House, 317 Golden Hill Ln, Leyland PR25 2YJ",,https://www.bing.com/maps?cp=53.69865417480469%7E-2.712644577026367&lvl=16.0&q=Redline%20Roofing%20and%20Fascias%20Leyland%20%2C%20Oak%20House%2C%20317%20Golden%20Hill%20Ln%2C%20Leyland%20PR25%202YJ,53.69865417,-2.712644577,,,Home service,Open · Closes 20:30,http://redlineupvc.co.uk/,07903 937995,"info@redlineupvc.co.uk,altoroofing@hotmail.co.uk,info@flintshireroofing.com,info@redlinegroup.com","https://www.facebook.com/people/redline-upvc/100048098472165/,https://x.com/redline_upvc",https://www.facebook.com/people/redline-upvc/100048098472165/,,https://x.com/redline_upvc
ypid:YN214152736F7517ED,SHS Roofing Contractors | Blackpool,"Roseleigh Old House Lane, Blackpool & Fylde Industrial Estate",https://www.bing.com/th?id=OLC.6YJOLYOMCtg0Fg480x360&pid=Local,https://www.bing.com/maps?cp=53.790252685546875%7E-2.9932544231414795&lvl=16.0&q=SHS%20Roofing%20Contractors%20%7C%20Blackpool%20%2C%20Roseleigh%20Old%20House%20Lane%2C%20Blackpool%20%26%20Fylde%20Industrial%20Estate,53.79025269,-2.993254423,,,Home service,Closed · Opens Mon 07:00,https://shsroofing.co.uk/,01253 987179,,"https://www.facebook.com/leadroofer/,https://www.instagram.com/lead_roofer/?r=nametag",https://www.facebook.com/leadroofer/,https://www.instagram.com/lead_roofer/?r=nametag,
ypid:YN93FF5A6A5C234DB9,Lytham St Annes Roofing Contractors,"31 Ilkley Ave, Lytham St Anne's FY8 3QZ",,https://www.bing.com/maps?cp=53.75126647949219%7E-2.9998438358306885&lvl=16.0&q=Lytham%20St%20Annes%20Roofing%20Contractors%20%2C%2031%20Ilkley%20Ave%2C%20Lytham%20St%20Anne's%20FY8%203QZ,53.75126648,-2.999843836,,,Home service,Closed · Opens Mon 08:00,http://www.lythamstannesroofing.com/,07512 524665,"info@lythamstannesroofing.com,WEBinfo@lythamstannesroofing.com",,,,
ypid:YNF4471090E7D81497,One Fit Roofing - Roofers Blackburn,"Sough Ln, Blackburn BB1 2LR",https://www.bing.com/th?id=OLC.NPfwFfc/sazEjA480x360&pid=Local,https://www.bing.com/maps?cp=53.73493957519531%7E-2.4316625595092773&lvl=16.0&q=One%20Fit%20Roofing%20-%20Roofers%20Blackburn%20%2C%20Sough%20Ln%2C%20Blackburn%20BB1%202LR,53.73493958,-2.43166256,4.5,Trustpilot (10),Home service,Open · Closes 21:00,http://onefitroofing.co.uk/,07748 710560,"emailonefitroofing@gmail.com,onefitroofing@gmail.com",https://www.facebook.com/onefitroofing/,https://www.facebook.com/onefitroofing/,,
ypid:YN2F49AD1FB5E8520E,Bryan Cooper Roofing Contractors,"41 Laurel Ave, Blackpool FY1 6QX",https://www.bing.com/th?id=OLC.rADKlskU3yz10Q480x360&pid=Local,https://www.bing.com/maps?cp=53.80291748046875%7E-3.031759023666382&lvl=16.0&q=Bryan%20Cooper%20Roofing%20Contractors%20%2C%2041%20Laurel%20Ave%2C%20Blackpool%20FY1%206QX,53.80291748,-3.031759024,,,Home service,Open · Closes 20:00,https://bryancooperroofing.co.uk/,01253 424314,,"https://facebook.com/bryancooperroofing/,https://x.com/googleworkspace,https://www.youtube.com/googleworkspace",https://facebook.com/bryancooperroofing/,,https://x.com/googleworkspace
ypid:YN53265235ECB70792,Padiham Roofing Contractors Ltd,"1 Meadow St, Burnley BB11 1NF",https://www.bing.com/th?id=OLC.8htlm2vh36K3qw480x360&pid=Local,https://www.bing.com/maps?cp=53.78855895996094%7E-2.247234582901001&lvl=16.0&q=Padiham%20Roofing%20Contractors%20Ltd%20%2C%201%20Meadow%20St%2C%20Burnley%20BB11%201NF,53.78855896,-2.247234583,,,Home service,Closed · Opens tomorrow 09:00,http://padihamroofingcontractorsltd.co.uk/,07530 405510,"padihamroofingcontractorsltd@outlook.com,design@imotto.kr,supattarfaspeed.info@gmail.com",https://www.facebook.com/profile.php?id=100063493333869,https://www.facebook.com/profile.php?id=100063493333869,,
ypid:YNAC1C22AC7B596D93,SupaLite Tiled Roof Systems Ltd.,"180-181 Bradkirk Place, Walton Summit Rd, Preston PR5 8AJ",https://www.bing.com/th?id=OLC.ZNBReXdaHUa5SA480x360&pid=Local,https://www.bing.com/maps?cp=53.72291946411133%7E-2.6506292819976807&lvl=16.0&q=SupaLite%20Tiled%20Roof%20Systems%20Ltd.%20%2C%20180-181%20Bradkirk%20Place%2C%20Walton%20Summit%20Rd%2C%20Preston%20PR5%208AJ,53.72291946,-2.650629282,,,Home service,Closed · Opens Mon 08:30,https://www.supaliteroof.co.uk/,01772 828060,"sales@supalite.uk,sales@supaliteroof.co.uk,info@supalite.uk,info@supaliteroof.co.uk,supa6@supaliteroof.co.uk","https://www.facebook.com/supalitetiledroofsystems/,https://twitter.com/supaliteroofs,https://www.instagram.com/supaliteroof/,https://www.linkedin.com/company/supalite-tiled-roof-system-ltd",https://www.facebook.com/supalitetiledroofsystems/,https://www.instagram.com/supaliteroof/,https://twitter.com/supaliteroofs
ypid:YN2B49331EAA7DC28F,Roofs Warrington - Roofers Warrington,"Private Address in Warrington, England",https://www.bing.com/th?id=OLC.8LvBUsfcpCF0yg480x360&pid=Local,https://www.bing.com/maps?cp=53.3870964050293%7E-2.5735297203063965&lvl=16.0&q=Roofs%20Warrington%20-%20Roofers%20Warrington%20%2C%20Private%20Address%20in%20Warrington%2C%20England,53.38709641,-2.57352972,,,Home service,Closed · Opens Mon 09:00,https://www.roofswarrington.co.uk/,01925 396747,enquiries@roofswarrington.co.uk,,,,
ypid:YN5575B9E8BA4EAFF0,North West Roofers,"Kennedy House, 31 Stamford St, Altrincham WA14 1ES",https://www.bing.com/th?id=OLC.t+flD80g3llfPQ480x360&pid=Local,https://www.bing.com/maps?cp=53.3896484375%7E-2.3474771976470947&lvl=16.0&q=North%20West%20Roofers%20%2C%20Kennedy%20House%2C%2031%20Stamford%20St%2C%20Altrincham%20WA14%201ES,53.38964844,-2.347477198,,,Home service,Closed · Opens Mon 09:00,http://www.northwestroofers.co.uk/,0161 826 4973,info@northwestroofers.co.uk,https://www.facebook.com/northwestrooferscouk,https://www.facebook.com/northwestrooferscouk,,
ypid:YNAA17244CDFFE35E,JA Roofing & Son Ltd,"3 Caxton Rd, Preston PR2 9ZZ",,https://www.bing.com/maps?cp=53.79694366455078%7E-2.6902859210968018&lvl=16.0&q=JA%20Roofing%20%26%20Son%20Ltd%20%2C%203%20Caxton%20Rd%2C%20Preston%20PR2%209ZZ,53.79694366,-2.690285921,,,Home service,Open · Closes 21:00,https://www.prestonroofers.com/,07770 010241,,,,,
ypid:YNBB470D4C9B6575F9,Alpine Roofers Chorley - Roof Repairs,"27 Market St, Chorley PR7 2SY",,https://www.bing.com/maps?cp=53.65348434448242%7E-2.6323745250701904&lvl=16.0&q=Alpine%20Roofers%20Chorley%20-%20Roof%20Repairs%20%2C%2027%20Market%20St%2C%20Chorley%20PR7%202SY,53.65348434,-2.632374525,,,Home service,Closed · Opens Mon 07:30,http://alpineroofers.co.uk/chorley,,,"https://www.facebook.com/wix,https://www.twitter.com/wix,https://youtube.com/user/wix",https://www.facebook.com/wix,,https://www.twitter.com/wix
ypid:YN94FB20025F16FAFD,C.W.L Roofer in preston,"Woodside Ave, Preston PR2 6QQ",https://www.bing.com/th?id=OLC.xjPL/5DHtGFJtg480x360&pid=Local,https://www.bing.com/maps?cp=53.77492904663086%7E-2.661168098449707&lvl=16.0&q=C.W.L%20Roofer%20in%20preston%20%2C%20Woodside%20Ave%2C%20Preston%20PR2%206QQ,53.77492905,-2.661168098,,,Home service,Open · Closes 23:59,http://www.rooferinpreston.com/,0800 193 3327,"info@rooferinpreston.com,office@en-co.com","https://www.youtube.com/feed/history?utm_source=pp,https://www.facebook.com/rooferinpreston",https://www.facebook.com/rooferinpreston,,
ypid:YN5CB246CE44016AD,Liverpool Reliable Roofers,"Private Address in Ellesmere Port, England",https://www.bing.com/th?id=OLC.NCYtYSClw/2yCA480x360&pid=Local,https://www.bing.com/maps?cp=53.28019714355469%7E-2.9741668701171875&lvl=16.0&q=Liverpool%20Reliable%20Roofers%20%2C%20Private%20Address%20in%20Ellesmere%20Port%2C%20England,53.28019714,-2.97416687,,,Home service,Open · Closes 23:00,http://www.liverpoolsreliableroofers.co.uk/,0151 380 0004,,,,,
ypid:YN1D36CAD283239487,Paramount Roofing Preston & Blackpool,"Ferry Road, Preston PR2 2",,https://www.bing.com/maps?cp=53.761375427246094%7E-2.7463667392730713&lvl=16.0&q=Paramount%20Roofing%20Preston%20%26%20Blackpool%20%2C%20Ferry%20Road%2C%20Preston%20PR2%202,53.76137543,-2.746366739,,,Home service,Closed · Opens Mon 08:30,https://www.paramount-roofing.co.uk/roofing-preston/,01772 466585,"graham@paramount-roofing.co.uk,grahamparamountroofing@gmail.com,info@paramount-roofing.cdo.uk",,,,
ypid:YNBB6EF87E9B875D59,Penwortham roofer,"Private Address in Preston, England",https://www.bing.com/th?id=OLC.U3yZO9eMfEeH1g480x360&pid=Local,https://www.bing.com/maps?cp=53.84281921386719%7E-2.551239490509033&lvl=16.0&q=Penwortham%20roofer%20%2C%20Private%20Address%20in%20Preston%2C%20England,53.84281921,-2.551239491,,,Home service,Open · Closes 19:00,http://www.preston-roofer.co.uk/,07960 944672,info@prroofingservices.co.uk,"https://www.facebook.com/prestonroofer/,https://twitter.com/prestonroofer",https://www.facebook.com/prestonroofer/,,https://twitter.com/prestonroofer
ypid:YN880FCB82E5153481,BDS Roofing Ltd - Roof repair Manchester and roofer Tameside.,"Private Address in Salford, England",,https://www.bing.com/maps?cp=53.50221252441406%7E-2.2832038402557373&lvl=16.0&q=BDS%20Roofing%20Ltd%20-%20Roof%20repair%20Manchester%20and%20roofer%20Tameside.%20%2C%20Private%20Address%20in%20Salford%2C%20England,53.50221252,-2.28320384,,,Home service,Open 24 hours,https://www.bdsroofingltd.co.uk/,07852 452142,,,,,
ypid:YND3A970A25E5DCA22,Roof Craft Roofing Services,"Private Address in Blackburn, England",https://www.bing.com/th?id=OLC.YBoZT1lzwxyiOw480x360&pid=Local,https://www.bing.com/maps?cp=53.74964141845703%7E-2.4949398040771484&lvl=16.0&q=Roof%20Craft%20Roofing%20Services%20%2C%20Private%20Address%20in%20Blackburn%2C%20England,53.74964142,-2.494939804,,,Home service,Open 24 hours,http://www.roofcraftroofing.co.uk/,07547 930749,"roofcraft2000@yahoo.com,info@roofcraftroofing.co.uk,helpdesk@nfrc.co.uk",https://www.facebook.com/roofcraftroofing,https://www.facebook.com/roofcraftroofing,,
ypid:YN7E5829F030BEBDA6,The Roofers Blackpool,"3 Saxby Grove, Blackpool FY4 4LA",,https://www.bing.com/maps?cp=53.7999267578125%7E-3.0196526050567627&lvl=16.0&q=The%20Roofers%20Blackpool%20%2C%203%20Saxby%20Grove%2C%20Blackpool%20FY4%204LA,53.79992676,-3.019652605,,,Home service,Open · Closes 20:00,https://the-roofers-blackpool.co.uk/,07910 742482,"info@the-roofers-blackpool.co.uk,theroofers.info@gmail.com","https://www.facebook.com/brand/resources/whatsapp/whatsapp-brand,https://www.instagram.com/whatsapp/?hl=en,https://www.tiktok.com/@the.roofers.nw,https://x.com/whatsapp,https://www.youtube.com/channel/ucauerig2n-rzwjt8x75v9yw",https://www.facebook.com/brand/resources/whatsapp/whatsapp-brand,https://www.instagram.com/whatsapp/?hl=en,https://x.com/whatsapp
ypid:YNE8135ADE0F8566CE,Wendland Roof Solutions,"Enterprise Works, Salthill Rd, Clitheroe BB7 1PE",https://www.bing.com/th?id=OLC.sxw71KwxpGpG8Q480x360&pid=Local,https://www.bing.com/maps?cp=53.8754997253418%7E-2.3838396072387695&lvl=16.0&q=Wendland%20Roof%20Solutions%20%2C%20Enterprise%20Works%2C%20Salthill%20Rd%2C%20Clitheroe%20BB7%201PE,53.87549973,-2.383839607,,,Home service,Closed · Opens Mon 09:00,http://www.wendland.uk.com/,01200 443311,"gap.worksop@gap.uk.com,dataprotection@ultraframe.co.uk",https://twitter.com/wendlandroof,,,https://twitter.com/wendlandroof
ypid:YNC1A41D719D209325,Roof Revive,"93 Ashton Dr, Lancaster LA1 2LQ",https://www.bing.com/th?id=OLC.xmCzkMmAxs48Vw480x360&pid=Local,https://www.bing.com/maps?cp=54.05970001220703%7E-2.803725242614746&lvl=16.0&q=Roof%20Revive%20%2C%2093%20Ashton%20Dr%2C%20Lancaster%20LA1%202LQ,54.05970001,-2.803725243,,,Home service,Open 24 hours,http://www.roofrevivenorthwest.co.uk/,01524 566126,roofrevive50@gmail.com,"https://www.facebook.com/roofrevive50/,https://twitter.com/reviveroof,https://www.instagram.com/roofrevive50/",https://www.facebook.com/roofrevive50/,https://www.instagram.com/roofrevive50/,https://twitter.com/reviveroof
ypid:YN99E60FBA7A86B2B2,Best Choice Roofers LTD,"2 Clarendon Rd, Lancaster LA1 2DQ",,https://www.bing.com/maps?cp=54.06132507324219%7E-2.7975687980651855&lvl=16.0&q=Best%20Choice%20Roofers%20LTD%20%2C%202%20Clarendon%20Rd%2C%20Lancaster%20LA1%202DQ,54.06132507,-2.797568798,,,Home service,Open · Closes 19:00,https://bestchoiceroofersltd.co.uk/,01524 487211,"info@bestchoiceroofersltd.co.uk,INFO@BESTCHOICEROOFERSLTD.CO.UK,contact@innovestx.co.th",,,,
ypid:YN709BA72B0203D017,Southport Roofer,"Kensington Industrial Estate, Hall St, Southport PR9 0NY",https://www.bing.com/th?id=OLC.9MVNUrjaoDc1cg480x360&pid=Local,https://www.bing.com/maps?cp=53.64506530761719%7E-2.9941070079803467&lvl=16.0&q=Southport%20Roofer%20%2C%20Kensington%20Industrial%20Estate%2C%20Hall%20St%2C%20Southport%20PR9%200NY,53.64506531,-2.994107008,4.5,Trustpilot (10),Home service,Open · Closes 20:00,https://southportroofer.co.uk/,01704 795558,,,,,
ypid:YN9F86AF3407FF6419,Fleetwood Roof Repairs,"41 Hodder Ave, Fleetwood FY7 8ES",https://www.bing.com/th?id=OLC.41o8PAlbeUyT9Q480x360&pid=Local,https://www.bing.com/maps?cp=53.911354064941406%7E-3.0429816246032715&lvl=16.0&q=Fleetwood%20Roof%20Repairs%20%2C%2041%20Hodder%20Ave%2C%20Fleetwood%20FY7%208ES,53.91135406,-3.042981625,,,Home service,Open · Closes 23:00,http://www.roofrepairsfleetwood.co.uk/,07383 014003,,https://www.youtube.com/dancingwiththestars,,,
ypid:YN1511D688068F687C,R T Daley Roofers Warrington,"Private Address in Wigan, England",https://www.bing.com/th?id=OLC.tIfB/cZxlxFKaQ480x360&pid=Local,https://www.bing.com/maps?cp=53.51445388793945%7E-2.4733493328094482&lvl=16.0&q=R%20T%20Daley%20Roofers%20Warrington%20%2C%20Private%20Address%20in%20Wigan%2C%20England,53.51445389,-2.473349333,,,Home service,,http://www.rtdaleyroofing.co.uk/,01925 244407,thedaleys4@hotmail.com,https://www.facebook.com/rtdaleyroofing/,https://www.facebook.com/rtdaleyroofing/,,
ypid:YNCE40E4083EBDCF2E,A.L ROOFING SERVICES,"Private Address in Preston, England",,https://www.bing.com/maps?cp=53.770263671875%7E-2.6971726417541504&lvl=16.0&q=A.L%20ROOFING%20SERVICES%20%2C%20Private%20Address%20in%20Preston%2C%20England,53.77026367,-2.697172642,,,Home service,Closed · Opens Mon 09:00,http://alroofingservices.godaddysites.com/,07872 599840,git@github.com,,,,
ypid:YN1CDDC463C86457B,J.F.K Roofers Blackpool,"Private Address in Preston, England",,https://www.bing.com/maps?cp=53.85582733154297%7E-2.826432704925537&lvl=16.0&q=J.F.K%20Roofers%20Blackpool%20%2C%20Private%20Address%20in%20Preston%2C%20England,53.85582733,-2.826432705,,,Home service,Closed · Opens tomorrow 08:00,,07523 288213,,,,,
ypid:YNECACE4B6DCBEC23C,Four Seasons Building & Roof Systems,"Private Address in , England",,https://www.bing.com/maps?cp=53.85736846923828%7E-2.837951183319092&lvl=16.0&q=Four%20Seasons%20Building%20%26%20Roof%20Systems%20%2C%20Private%20Address%20in%20%2C%20England,53.85736847,-2.837951183,,,Home service,Closed · Opens tomorrow 09:00,https://www.fourseasonsroofsystems.co.uk/,01253 462351,fourseasonslancs@gmail.com,"https://en-gb.facebook.com/fourseasonsbuilding/,https://www.instagram.com/fourseasonsbuildingroofsystems/",https://en-gb.facebook.com/fourseasonsbuilding/,https://www.instagram.com/fourseasonsbuildingroofsystems/,
ypid:YND74C5DF4006EC683,Alpine Roofers Tyldesley - Roof Repairs,"209 Elliott St, Manchester M29 8DR",,https://www.bing.com/maps?cp=53.514129638671875%7E-2.4650633335113525&lvl=16.0&q=Alpine%20Roofers%20Tyldesley%20-%20Roof%20Repairs%20%2C%20209%20Elliott%20St%2C%20Manchester%20M29%208DR,53.51412964,-2.465063334,,,Home service,Open · Closes 21:00,http://alpineroofers.co.uk/tyldesley,,,"https://www.facebook.com/wix,https://www.twitter.com/wix,https://youtube.com/user/wix",https://www.facebook.com/wix,,https://www.twitter.com/wix
ypid:YNFE1FB60AE9988E0C,CT Flat Roofing Ltd,"63A Hough Ln, Leyland PR25 2SA",https://www.bing.com/th?id=OLC.TXJ4gtmm1Kvhzw480x360&pid=Local,https://www.bing.com/maps?cp=53.695735931396484%7E-2.6928305625915527&lvl=16.0&q=CT%20Flat%20Roofing%20Ltd%20%2C%2063A%20Hough%20Ln%2C%20Leyland%20PR25%202SA,53.69573593,-2.692830563,,,Home service,Closed · Opens tomorrow 08:00,http://ctflatroofing.co.uk/,07725 318888,"info@ctflatroofing.co.uk,tom@ctflatroofing.co.uk,colin@ctflatroofing.co.uk,name@cpsymbol.com","https://facebook.com/ctflatroofing,https://instagram.com/ctflatroofing",https://facebook.com/ctflatroofing,https://instagram.com/ctflatroofing,
ypid:YN61D1F100F7D5FC2,J T Mack Flat Roof Systems,"Myrtle Bank Cottage, Market St, Poulton-Le-Fylde FY6 9AS",https://www.bing.com/th?id=OLC.kcTTizH2MaRkKg480x360&pid=Local,https://www.bing.com/maps?cp=53.875244140625%7E-2.9519193172454834&lvl=16.0&q=J%20T%20Mack%20Flat%20Roof%20Systems%20%2C%20Myrtle%20Bank%20Cottage%2C%20Market%20St%2C%20Poulton-Le-Fylde%20FY6%209AS,53.87524414,-2.951919317,,,Home service,Closed · Opens Mon 09:00,http://www.mackflatroofsystems.com/,01253 702239,info@mackflatroofsystems.com,,,,
ypid:YN39F664261A55FC6A,JP Pointing & Roofer Blackpool,"314 Park Rd, Blackpool FY1 6QT",https://www.bing.com/th?id=OLC.6J/txG1UZn0H2A480x360&pid=Local,https://www.bing.com/maps?cp=53.80398178100586%7E-3.0289759635925293&lvl=16.0&q=JP%20Pointing%20%26%20Roofer%20Blackpool%20%2C%20314%20Park%20Rd%2C%20Blackpool%20FY1%206QT,53.80398178,-3.028975964,,,Home service,Open · Closes 19:00,https://blackpoolpointing.com/,07855 667777,,"https://www.facebook.com/blackpoolroofing/,https://www.instagram.com/jp.roofing1/",https://www.facebook.com/blackpoolroofing/,https://www.instagram.com/jp.roofing1/,
ypid:YNBAAAB05147CA5F93,Taylor & Nelson roofing ltd,"17 Amber Dr, Chorley PR6 0LA",https://www.bing.com/th?id=OLC./8BTqHj78I714Q480x360&pid=Local,https://www.bing.com/maps?cp=53.64558792114258%7E-2.615827798843384&lvl=16.0&q=Taylor%20%26%20Nelson%20roofing%20ltd%20%2C%2017%20Amber%20Dr%2C%20Chorley%20PR6%200LA,53.64558792,-2.615827799,,,Home service,Closed · Opens Mon 07:30,http://www.taylornelsonroofing.co.uk/,07714 419455,"UStaylorandnelson@yahoo.com,taylorandnelson@yahoo.com,Kelly@atriumfacadeconsultancy.co.uk",https://www.facebook.com/taylorandnelson/,https://www.facebook.com/taylorandnelson/,,
ypid:YN465F48EF4A82D9BA,Stormproof plastics Roofing contractors,"Sough Ln, Blackburn BB1 2LR",https://www.bing.com/th?id=OLC.BOTEiRkgWjmguQ480x360&pid=Local,https://www.bing.com/maps?cp=53.734703063964844%7E-2.430967092514038&lvl=16.0&q=Stormproof%20plastics%20Roofing%20contractors%20%2C%20Sough%20Ln%2C%20Blackburn%20BB1%202LR,53.73470306,-2.430967093,5,Yell (31),Home service,Open 24 hours,http://stormproofplastics.co.uk/,07791 773003,info@stormproofplastics.co.uk,https://www.facebook.com/stormproofplastics/,https://www.facebook.com/stormproofplastics/,,
ypid:YN6E084A23F34BB891,guardian roofing contractors ltd,"41 Denshaw, Skelmersdale WN8 0AY",https://www.bing.com/th?id=OLC.xhAIK3DGvIDwsw480x360&pid=Local,https://www.bing.com/maps?cp=53.54331970214844%7E-2.7390851974487305&lvl=16.0&q=guardian%20roofing%20contractors%20ltd%20%2C%2041%20Denshaw%2C%20Skelmersdale%20WN8%200AY,53.5433197,-2.739085197,3.5,Yell (3),Home service,Open · Closes 22:00,http://www.guardianroofingcontractorsltd.co.uk/,07840 061289,philguardian1@gmail.com,"https://www.facebook.com/yellbusiness,https://x.com/yellbusiness,https://www.linkedin.com/company/yell,https://www.instagram.com/yellbusiness/,https://www.youtube.com/user/yellbusiness",https://www.facebook.com/yellbusiness,https://www.instagram.com/yellbusiness/,https://x.com/yellbusiness
ypid:YNA56B75615CFD8370,Paul Jones Roofing Systems - Roofer Wigan,"38 Knowles Place, Wigan WN1 3LB",https://www.bing.com/th?id=OLC.quK6HL4ND5dqDQ480x360&pid=Local,https://www.bing.com/maps?cp=53.54902648925781%7E-2.6147570610046387&lvl=16.0&q=Paul%20Jones%20Roofing%20Systems%20-%20Roofer%20Wigan%20%2C%2038%20Knowles%20Place%2C%20Wigan%20WN1%203LB,53.54902649,-2.614757061,,,Home service,Closed · Opens Mon 09:00,http://www.pauljonesroofingsystems.com/,01942 466440,pjroofingsystems@gmail.com,https://www.facebook.com/pauljonesroofingsystems/,https://www.facebook.com/pauljonesroofingsystems/,,
ypid:YN115E01C5BBA21B44,Guardian Roof Manchester,"N Valley Rd, Colne BB8 9AQ",https://www.bing.com/th?id=OLC.rH3d11CUbDOS8w480x360&pid=Local,https://www.bing.com/maps?cp=53.85733413696289%7E-2.17828631401062&lvl=16.0&q=Guardian%20Roof%20Manchester%20%2C%20N%20Valley%20Rd%2C%20Colne%20BB8%209AQ,53.85733414,-2.178286314,,,Home service,Open · Closes 19:00,https://www.guardianroofmanchester.co.uk/,0161 825 8668,### In progress ###,### In progress ###,### In progress ###,### In progress ###,### In progress ###
ypid:YN27D72C5620A4C6F5,Alpine Roofers Whitefield - Roof Repairs,"279 Bury New Rd, Manchester M45 7SE",,https://www.bing.com/maps?cp=53.553768157958984%7E-2.2972681522369385&lvl=16.0&q=Alpine%20Roofers%20Whitefield%20-%20Roof%20Repairs%20%2C%20279%20Bury%20New%20Rd%2C%20Manchester%20M45%207SE,53.55376816,-2.297268152,,,Home service,Open 24 hours,http://alpineroofers.co.uk/whitefield,,### In progress ###,### In progress ###,### In progress ###,### In progress ###,### In progress ###
ypid:YN9A0BC9A6946450FE,Roofers Barnoldswick,"Private Address in Colne, England",,https://www.bing.com/maps?cp=53.83181381225586%7E-2.1455678939819336&lvl=16.0&q=Roofers%20Barnoldswick%20%2C%20Private%20Address%20in%20Colne%2C%20England,53.83181381,-2.145567894,,,Home service,Closed · Opens Mon 08:00,http://www.rw-roofing.co.uk/,01282 851145,### In progress ###,### In progress ###,### In progress ###,### In progress ###,### In progress ###
ypid:YN8919DE519A3FB02A,Salford Roofers 24 7,"Private Address in Salford, England",https://www.bing.com/th?id=OLC.xMH9rK7S6yUKXg480x360&pid=Local,https://www.bing.com/maps?cp=53.49146270751953%7E-2.289755344390869&lvl=16.0&q=Salford%20Roofers%2024%207%20%2C%20Private%20Address%20in%20Salford%2C%20England,53.49146271,-2.289755344,,,Home service,Open 24 hours,http://www.manchesterroofers247.co.uk/salford.html,0161 410 1524,### In progress ###,### In progress ###,### In progress ###,### In progress ###,### In progress ###
ypid:YN37D26AA08327A8BC,Buildcare Construction (NW) Ltd,"5 Woodlands Way, Preston PR3 5DU",https://www.bing.com/th?id=OLC.FmfGy0SfpjxIDw480x360&pid=Local,https://www.bing.com/maps?cp=53.821712493896484%7E-2.7333357334136963&lvl=16.0&q=Buildcare%20Construction%20(NW)%20Ltd%20%2C%205%20Woodlands%20Way%2C%20Preston%20PR3%205DU,53.82171249,-2.733335733,4.5,Yell (10),Building contractor,Closed · Opens Mon 09:00,http://www.bcnwgroup.co.uk/,01772 863330,### In progress ###,### In progress ###,### In progress ###,### In progress ###,### In progress ###
ypid:YN17C9A289B3EA8637,Southworths Roofing & Building Services,"27 Ash Mdw, Preston PR2 1RX",,https://www.bing.com/maps?cp=53.77385330200195%7E-2.7592568397521973&lvl=16.0&q=Southworths%20Roofing%20%26%20Building%20Services%20%2C%2027%20Ash%20Mdw%2C%20Preston%20PR2%201RX,53.7738533,-2.75925684,,,Home service,,https://www.lancashireroofer.co.uk/roofer-in-lea-town/,07703 042470,### In progress ###,### In progress ###,### In progress ###,### In progress ###,### In progress ###
ypid:YN21B355C228A7637B,Preston Roofline Property Services | Roofers in Preston,"Private Address in Preston, England",,https://www.bing.com/maps?cp=53.731510162353516%7E-2.7843730449676514&lvl=16.0&q=Preston%20Roofline%20Property%20Services%20%7C%20Roofers%20in%20Preston%20%2C%20Private%20Address%20in%20Preston%2C%20England,53.73151016,-2.784373045,,,Home service,,,07526 481825,### In progress ###,### In progress ###,### In progress ###,### In progress ###,### In progress ###
ypid:YN17885AB0303280F1,Alpine Roofers Darwen - Roof Repairs,"13 Market St, Darwen BB3 1AZ",,https://www.bing.com/maps?cp=53.69588088989258%7E-2.467669725418091&lvl=16.0&q=Alpine%20Roofers%20Darwen%20-%20Roof%20Repairs%20%2C%2013%20Market%20St%2C%20Darwen%20BB3%201AZ,53.69588089,-2.467669725,,,Home service,,http://alpineroofers.co.uk/darwen,,### In progress ###,### In progress ###,### In progress ###,### In progress ###,### In progress ###
ypid:YNC9BA173F32B8F4D2,Sika Roofing Solutions,"Sika House, Miller Street, Preston PR1 1EA",,https://www.bing.com/maps?cp=53.759788513183594%7E-2.6829793453216553&lvl=16.0&q=Sika%20Roofing%20Solutions%20%2C%20Sika%20House%2C%20Miller%20Street%2C%20Preston%20PR1%201EA,53.75978851,-2.682979345,,,Home service,Closed · Opens Mon 08:30,https://gbr.sika.com/en/construction/roofing.html,01772 259781,### In progress ###,### In progress ###,### In progress ###,### In progress ###,### In progress ###
ypid:YNDF1741F95B32B4C4,Great Heights Roofing LTD,"8 The Oaks Ulnes Walton Lane, Leyland PR26 8LU",https://www.bing.com/th?id=OLC.WKAgraNQ0EexWQ480x360&pid=Local,https://www.bing.com/maps?cp=53.68584442138672%7E-2.7371716499328613&lvl=16.0&q=Great%20Heights%20Roofing%20LTD%20%2C%208%20The%20Oaks%20Ulnes%20Walton%20Lane%2C%20Leyland%20PR26%208LU,53.68584442,-2.73717165,5,Yell (22),Home service,Closed · Opens Mon 08:00,http://www.greatheightsroofingltd.com/,07759 023761,### In progress ###,### In progress ###,### In progress ###,### In progress ###,### In progress ###
ypid:YNF11DE662888D81A3,DMC Precision Roofing Southport Roofing Contractors,"156 Lytham Rd, Southport PR9 9UN",,https://www.bing.com/maps?cp=53.67051315307617%7E-2.962118625640869&lvl=16.0&q=DMC%20Precision%20Roofing%20Southport%20Roofing%20Contractors%20%2C%20156%20Lytham%20Rd%2C%20Southport%20PR9%209UN,53.67051315,-2.962118626,,,Home service,Closed · Opens tomorrow 09:00,http://www.dmcprecisionroofing.com/,01704 330933,### In progress ###,### In progress ###,### In progress ###,### In progress ###,### In progress ###
ypid:YN76B9D7820CE2CEA8,Southport Roofers - P Rimmer - Roofers In Southport,"147 Hampton Rd, Southport PR8 5DJ",https://www.bing.com/th?id=OLC.UBb5MXYD0hb+iA480x360&pid=Local,https://www.bing.com/maps?cp=53.63581466674805%7E-3.0028133392333984&lvl=16.0&q=Southport%20Roofers%20-%20P%20Rimmer%20-%20Roofers%20In%20Southport%20%2C%20147%20Hampton%20Rd%2C%20Southport%20PR8%205DJ,53.63581467,-3.002813339,5,Yell (2),Home service,Closed · Opens tomorrow 08:30,https://rimmerroofing.com/,01704 542122,### In progress ###,### In progress ###,### In progress ###,### In progress ###,### In progress ###
ypid:YNA4871776C4991278,Absolute Roofing Contractors,"Unit 41-43 Victoria Works Industrial Estate, Accrington Rd, Burnley BB11 5EF",https://www.bing.com/th?id=OLC.mz5p3DL57a5bFg480x360&pid=Local,https://www.bing.com/maps?cp=53.785728454589844%7E-2.276449203491211&lvl=16.0&q=Absolute%20Roofing%20Contractors%20%2C%20Unit%2041-43%20Victoria%20Works%20Industrial%20Estate%2C%20Accrington%20Rd%2C%20Burnley%20BB11%205EF,53.78572845,-2.276449203,,,Home service,Closed · Opens tomorrow 07:30,https://www.absolute-roofing.co.uk/,01282 422001,### In progress ###,### In progress ###,### In progress ###,### In progress ###,### In progress ###
ypid:YNE05AB65EA76E0C41,Conservatory Roof Replacement,"224 Burnley Rd, Blackburn BB1 3HW",https://www.bing.com/th?id=OLC.PD+ftffeS5CjPA480x360&pid=Local,https://www.bing.com/maps?cp=53.75246047973633%7E-2.448402166366577&lvl=16.0&q=Conservatory%20Roof%20Replacement%20%2C%20224%20Burnley%20Rd%2C%20Blackburn%20BB1%203HW,53.75246048,-2.448402166,,,Home service,Closed · Opens tomorrow 09:00,https://conservatoryroofreplacementdirect.com/,01254 403048,### In progress ###,### In progress ###,### In progress ###,### In progress ###,### In progress ###
ypid:YN7196B7CB0CD0C7D6,LCM Group,"1 Wyder Court, Preston PR2 5BW",https://www.bing.com/th?id=OLC.iOIcQICq4fqOuw480x360&pid=Local,https://www.bing.com/maps?cp=53.78697967529297%7E-2.647953987121582&lvl=16.0&q=LCM%20Group%20%2C%201%20Wyder%20Court%2C%20Preston%20PR2%205BW,53.78697968,-2.647953987,,,Construction services,Open 24 hours,http://www.lcm-group.co.uk/,01772 655010,### In progress ###,### In progress ###,### In progress ###,### In progress ###,### In progress ###
ypid:YN94C13A17078DA829,Your Roofer Preston,"Floyd Rd, Preston PR2 6AU",,https://www.bing.com/maps?cp=53.77696228027344%7E-2.6620841026306152&lvl=16.0&q=Your%20Roofer%20Preston%20%2C%20Floyd%20Rd%2C%20Preston%20PR2%206AU,53.77696228,-2.662084103,,,Home service,Open · Closes 20:00,http://roofing-specialists.co.uk/,07776 033270,### In progress ###,### In progress ###,### In progress ###,### In progress ###,### In progress ###
ypid:YN87B46C9AF4F278C8,Roofing Preston,"Private Address in Preston, England",,https://www.bing.com/maps?cp=53.770267486572266%7E-2.697169780731201&lvl=16.0&q=Roofing%20Preston%20%2C%20Private%20Address%20in%20Preston%2C%20England,53.77026749,-2.697169781,,,Home service,,,07885 539792,### In progress ###,### In progress ###,### In progress ###,### In progress ###,### In progress ###
ypid:YNA4C2BE64BF25762C,Preston Industrial Roofing,"City House, 131 Friargate, Preston PR1 2EF",,https://www.bing.com/maps?cp=53.760780334472656%7E-2.7039735317230225&lvl=16.0&q=Preston%20Industrial%20Roofing%20%2C%20City%20House%2C%20131%20Friargate%2C%20Preston%20PR1%202EF,53.76078033,-2.703973532,,,Home service,,https://www.prestonindustrialroofing.co.uk/,01772 804122,### In progress ###,### In progress ###,### In progress ###,### In progress ###,### In progress ###
ypid:YN7D28779E02E75706,Designed Roof Systems Limited,"2 Pittman Court, Pittman Way, Preston PR2 9ZG",https://www.bing.com/th?id=OLC.Pz+tejCAWvDLsg480x360&pid=Local,https://www.bing.com/maps?cp=53.796409606933594%7E-2.688448190689087&lvl=16.0&q=Designed%20Roof%20Systems%20Limited%20%2C%202%20Pittman%20Court%2C%20Pittman%20Way%2C%20Preston%20PR2%209ZG,53.79640961,-2.688448191,,,Home service,Closed · Opens Mon 07:00,http://www.drsl.online/,01772 655444,### In progress ###,### In progress ###,### In progress ###,### In progress ###,### In progress ###
ypid:YN5BC24A3C4399F294,Roof Repairs Rossendale,"37 Rimington Ave, Accrington BB5 0NP",,https://www.bing.com/maps?cp=53.74040985107422%7E-2.3754708766937256&lvl=16.0&q=Roof%20Repairs%20Rossendale%20%2C%2037%20Rimington%20Ave%2C%20Accrington%20BB5%200NP,53.74040985,-2.375470877,,,Home service,,http://rossendaleroofrepairs.co.uk/,01706 508119,### In progress ###,### In progress ###,### In progress ###,### In progress ###,### In progress ###
ypid:YN1E8A3363DF8C48A8,HDM Roofing Services,"9 Kingsdale Rd, Lancaster LA1 5NE",https://www.bing.com/th?id=OLC.4raDXd+pv/Tqbw480x360&pid=Local,https://www.bing.com/maps?cp=54.046173095703125%7E-2.8172245025634766&lvl=16.0&q=HDM%20Roofing%20Services%20%2C%209%20Kingsdale%20Rd%2C%20Lancaster%20LA1%205NE,54.0461731,-2.817224503,5,Yell (4),Home service,Open 24 hours,https://www.hdmroofingservices.co.uk/,07443 031275,### In progress ###,### In progress ###,### In progress ###,### In progress ###,### In progress ###
ypid:YN47DB366F50C7373B,Northwest Fibreglass Roofing Contractors,"Norbreck Rd, Thornton-Cleveleys FY2 9AA",,https://www.bing.com/maps?cp=53.857704162597656%7E-3.0469412803649902&lvl=16.0&q=Northwest%20Fibreglass%20Roofing%20Contractors%20%2C%20Norbreck%20Rd%2C%20Thornton-Cleveleys%20FY2%209AA,53.85770416,-3.04694128,,,Home service,Open 24 hours,http://www.northwestfibreglassroofing.co.uk/,07835 600446,### In progress ###,### In progress ###,### In progress ###,### In progress ###,### In progress ###
ypid:YN4834C12B7A5CB739,AD Roof Specialists,"143 Wigan Rd, Wigan WN2 1DP",,https://www.bing.com/maps?cp=53.559600830078125%7E-2.600842237472534&lvl=16.0&q=AD%20Roof%20Specialists%20%2C%20143%20Wigan%20Rd%2C%20Wigan%20WN2%201DP,53.55960083,-2.600842237,,,Home service,Closed · Opens Mon 08:00,http://mybuilder.com/ad_roofspecialists,07935 885071,### In progress ###,### In progress ###,### In progress ###,### In progress ###,### In progress ###
ypid:YN4BA59EBD9EE2A1D8,Roof Repair Services,"121 Darwen Rd, Bolton BL7 9BG",,https://www.bing.com/maps?cp=53.613555908203125%7E-2.4166016578674316&lvl=16.0&q=Roof%20Repair%20Services%20%2C%20121%20Darwen%20Rd%2C%20Bolton%20BL7%209BG,53.61355591,-2.416601658,,,Home service,Closed · Opens Mon 08:00,http://roof-repair-services.com/,07867 423125,### In progress ###,### In progress ###,### In progress ###,### In progress ###,### In progress ###
ypid:YN8BBF682F79D8ED03,C J Roofing Preston Lancashire,"39 Carleton Ave, Preston PR2 6YA",,https://www.bing.com/maps?cp=53.77931594848633%7E-2.6757547855377197&lvl=16.0&q=C%20J%20Roofing%20Preston%20Lancashire%20%2C%2039%20Carleton%20Ave%2C%20Preston%20PR2%206YA,53.77931595,-2.675754786,,,Home service,,,07944 610320,### In progress ###,### In progress ###,### In progress ###,### In progress ###,### In progress ###
ypid:YNBEF1FCF1E82DDC01,Jasons Roofing1 LTD - Flat Roof Repair Specialist Accrington,"73 Wordsworth Rd, Accrington BB5 0NE",,https://www.bing.com/maps?cp=53.743408203125%7E-2.3772549629211426&lvl=16.0&q=Jasons%20Roofing1%20LTD%20-%20Flat%20Roof%20Repair%20Specialist%20Accrington%20%2C%2073%20Wordsworth%20Rd%2C%20Accrington%20BB5%200NE,53.7434082,-2.377254963,,,Home service,Open · Closes 23:59,https://www.jasonsroofing1.co.uk/,07393 869018,### In progress ###,### In progress ###,### In progress ###,### In progress ###,### In progress ###
ypid:YN67D9A4479B8FD4A7,DLB Roofing,"21 Dunoon Close, Preston PR2 3ZR",,https://www.bing.com/maps?cp=53.781246185302734%7E-2.7486608028411865&lvl=16.0&q=DLB%20Roofing%20%2C%2021%20Dunoon%20Close%2C%20Preston%20PR2%203ZR,53.78124619,-2.748660803,,,Home service,Open 24 hours,https://dlbroofing.com/,07845 518327,### In progress ###,### In progress ###,### In progress ###,### In progress ###,### In progress ###
ypid:YNF18726399EDD3398,Reliable Roof Care - RRC (NW) LIMITED,"Private Address in St Helens, England",,https://www.bing.com/maps?cp=53.490482330322266%7E-2.8116114139556885&lvl=16.0&q=Reliable%20Roof%20Care%20-%20RRC%20(NW)%20LIMITED%20%2C%20Private%20Address%20in%20St%20Helens%2C%20England,53.49048233,-2.811611414,,,Home service,Open 24 hours,https://reliableroofcare-northwest.co.uk/,07874 868524,### In progress ###,### In progress ###,### In progress ###,### In progress ###,### In progress ###
ypid:YN5D94F410FEA029B0,CHP Roofing,"Tellcom Business Centre, 20 Clifton Rd, Blackpool FY4 4QA",,https://www.bing.com/maps?cp=53.79981231689453%7E-3.008983850479126&lvl=16.0&q=CHP%20Roofing%20%2C%20Tellcom%20Business%20Centre%2C%2020%20Clifton%20Rd%2C%20Blackpool%20FY4%204QA,53.79981232,-3.00898385,,,Home service,,http://www.chproofing.co.uk/,07553 213900,### In progress ###,### In progress ###,### In progress ###,### In progress ###,### In progress ###
ypid:YN627CD98BDCAC7F4F,Tiled Conservatory Division Ltd - Conservatory's Roof Preston,"17 Tulketh Cres, Preston PR2 2RH",,https://www.bing.com/maps?cp=53.76460647583008%7E-2.7239861488342285&lvl=16.0&q=Tiled%20Conservatory%20Division%20Ltd%20-%20Conservatory's%20Roof%20Preston%20%2C%2017%20Tulketh%20Cres%2C%20Preston%20PR2%202RH,53.76460648,-2.723986149,,,Home service,Open · Closes 22:00,https://thetcd.co.uk/,07715 902054,### In progress ###,### In progress ###,### In progress ###,### In progress ###,### In progress ###
ypid:YNA34BBDD45DB98C0B,W Craven and Son Roofing Contractors,"22 Stanley Dr, Darwen BB3 2EL",,https://www.bing.com/maps?cp=53.67881774902344%7E-2.4570348262786865&lvl=16.0&q=W%20Craven%20and%20Son%20Roofing%20Contractors%20%2C%2022%20Stanley%20Dr%2C%20Darwen%20BB3%202EL,53.67881775,-2.457034826,,,Home service,Closed · Opens Mon 09:00,,01254 775635,### In progress ###,### In progress ###,### In progress ###,### In progress ###,### In progress ###
ypid:YN7754547AC0960D05,Taylor Rose Flat Roofing,"118 Watson Rd, Blackpool FY4 2BP",https://www.bing.com/th?id=OLC.kElKc3pVMWId8Q480x360&pid=Local,https://www.bing.com/maps?cp=53.79276657104492%7E-3.041301965713501&lvl=16.0&q=Taylor%20Rose%20Flat%20Roofing%20%2C%20118%20Watson%20Rd%2C%20Blackpool%20FY4%202BP,53.79276657,-3.041301966,,,Home service,Closed · Opens Mon 08:00,https://trflatroofing.co.uk/,07930 055524,### In progress ###,### In progress ###,### In progress ###,### In progress ###,### In progress ###
ypid:YN8498E03E448E7EF9,FisherRoof Ltd,"245 Eldon St, Preston PR2 2BB",https://www.bing.com/th?id=OLC.I6FWW14lxRZlVg480x360&pid=Local,https://www.bing.com/maps?cp=53.76914978027344%7E-2.722304582595825&lvl=16.0&q=FisherRoof%20Ltd%20%2C%20245%20Eldon%20St%2C%20Preston%20PR2%202BB,53.76914978,-2.722304583,5,Trustpilot (41),Home service,Closed · Opens Mon 08:00,http://www.fisherroof.co.uk/,01772 305149,### In progress ###,### In progress ###,### In progress ###,### In progress ###,### In progress ###
ypid:YN8A72A59ECE812F5C,Roof Profile Solutions Limited,"73 Stump Ln, Chorley PR6 0AL",,https://www.bing.com/maps?cp=53.65671920776367%7E-2.622148275375366&lvl=16.0&q=Roof%20Profile%20Solutions%20Limited%20%2C%2073%20Stump%20Ln%2C%20Chorley%20PR6%200AL,53.65671921,-2.622148275,,,Contractor,,https://www.rpsltd.org/,07866 445722,### In progress ###,### In progress ###,### In progress ###,### In progress ###,### In progress ###
ypid:YNAE1848E58617239A,Maghull Roofing & New Roof Specialists,"Unit 12 Sefton Ln, Liverpool L31 8BX",https://www.bing.com/th?id=OLC.Inmq3hwoIr368Q480x360&pid=Local,https://www.bing.com/maps?cp=53.5068359375%7E-2.9590871334075928&lvl=16.0&q=Maghull%20Roofing%20%26%20New%20Roof%20Specialists%20%2C%20Unit%2012%20Sefton%20Ln%2C%20Liverpool%20L31%208BX,53.50683594,-2.959087133,,,Home service,Open 24 hours,,0151 281 6905,### In progress ###,### In progress ###,### In progress ###,### In progress ###,### In progress ###
ypid:YN3B25FC7056403E97,Gwinnett Roofing Services,"52 Fairview Dr, Chorley PR6 9ST",,https://www.bing.com/maps?cp=53.62056350708008%7E-2.60870623588562&lvl=16.0&q=Gwinnett%20Roofing%20Services%20%2C%2052%20Fairview%20Dr%2C%20Chorley%20PR6%209ST,53.62056351,-2.608706236,,,Home service,Open · Closes 23:59,https://www.facebook.com/Gwinnett-Roofing-Services-322412351103558,07920 462882,### In progress ###,### In progress ###,### In progress ###,### In progress ###,### In progress ###
ypid:YNFA7DFFA9F41F345B,Ian Dawson Roofing Contractors,"Private Address in Blackburn, England",,https://www.bing.com/maps?cp=53.78336715698242%7E-2.4834823608398438&lvl=16.0&q=Ian%20Dawson%20Roofing%20Contractors%20%2C%20Private%20Address%20in%20Blackburn%2C%20England,53.78336716,-2.483482361,,,Home service,Open · Closes 20:00,,01253 395909,### In progress ###,### In progress ###,### In progress ###,### In progress ###,### In progress ###
ypid:YN43300CA4E0B1ED54,P G B Roofing,"Private Address in Blackburn, England",,https://www.bing.com/maps?cp=53.78337860107422%7E-2.4835104942321777&lvl=16.0&q=P%20G%20B%20Roofing%20%2C%20Private%20Address%20in%20Blackburn%2C%20England,53.7833786,-2.483510494,,,Home service,,https://www.southyorkshireroofer.co.uk/roofer-in-blackburn/,07976 298210,### In progress ###,### In progress ###,### In progress ###,### In progress ###,### In progress ###
ypid:YN6340E075DE7F6652,Paul Anthony Master Roofer,"1 Keasden Ave, Blackpool FY4 3JF",,https://www.bing.com/maps?cp=53.789337158203125%7E-3.035615921020508&lvl=16.0&q=Paul%20Anthony%20Master%20Roofer%20%2C%201%20Keasden%20Ave%2C%20Blackpool%20FY4%203JF,53.78933716,-3.035615921,,,Home service,,http://www.facebook.com/anthonyroofingblackpool.anthony?fref=ts,07799 100755,### In progress ###,### In progress ###,### In progress ###,### In progress ###,### In progress ###
ypid:YN8EE5976C4328220,Harry Jacks Roofing Contractors Ltd,"32 Heyhouses Ln, Lytham St Anne's FY8 3RW",,https://www.bing.com/maps?cp=53.760684967041016%7E-3.007894992828369&lvl=16.0&q=Harry%20Jacks%20Roofing%20Contractors%20Ltd%20%2C%2032%20Heyhouses%20Ln%2C%20Lytham%20St%20Anne's%20FY8%203RW,53.76068497,-3.007894993,,,Home service,Closed · Opens tomorrow 08:00,,01253 723624,### In progress ###,### In progress ###,### In progress ###,### In progress ###,### In progress ###
ypid:YND3B179F7D2F3DA29,C L Danson (Building Contractors) Ltd,"White House Farm, White House Ln, Preston PR3 0XB",https://www.bing.com/th?id=OLC.qENBPHU5q7cGgQ480x360&pid=Local,https://www.bing.com/maps?cp=53.8513298034668%7E-2.8519275188446045&lvl=16.0&q=C%20L%20Danson%20(Building%20Contractors)%20Ltd%20%2C%20White%20House%20Farm%2C%20White%20House%20Ln%2C%20Preston%20PR3%200XB,53.8513298,-2.851927519,,,Construction services,Closed · Opens Mon 08:00,https://www.cldanson.co.uk/,01995 671799,### In progress ###,### In progress ###,### In progress ###,### In progress ###,### In progress ###
ypid:YN4122CC1D309FFF08,Ultimate Roof Systems Limited,"1 Accrington Rd, Burnley BB11 5QL",https://www.bing.com/th?id=OLC.T5ONJtpBpufgOA480x360&pid=Local,https://www.bing.com/maps?cp=53.77444076538086%7E-2.3137495517730713&lvl=16.0&q=Ultimate%20Roof%20Systems%20Limited%20%2C%201%20Accrington%20Rd%2C%20Burnley%20BB11%205QL,53.77444077,-2.313749552,,,Home service,Closed · Opens tomorrow 08:00,https://www.ursl.uk/,07762 999495,### In progress ###,### In progress ###,### In progress ###,### In progress ###,### In progress ###
ypid:YN58A92CCF3424F831,Roof Repairs Lancashire,"Private Address in Waterloo, England",https://www.bing.com/th?id=OLC.mv+lDCLQHRme5Q480x360&pid=Local,https://www.bing.com/maps?cp=53.757164001464844%7E-2.360727071762085&lvl=16.0&q=Roof%20Repairs%20Lancashire%20%2C%20Private%20Address%20in%20Waterloo%2C%20England,53.757164,-2.360727072,,,Home service,Open 24 hours,,01254 271761,### In progress ###,### In progress ###,### In progress ###,### In progress ###,### In progress ###
ypid:YN725056FB2F0485C1,Repel Flat Roofing,"1 Lytham Rd, Preston PR2 8JE",,https://www.bing.com/maps?cp=53.777217864990234%7E-2.710303544998169&lvl=16.0&q=Repel%20Flat%20Roofing%20%2C%201%20Lytham%20Rd%2C%20Preston%20PR2%208JE,53.77721786,-2.710303545,,,Home service,Open · Closes 23:30,https://repelflatroofing.com/,07304 095969,### In progress ###,### In progress ###,### In progress ###,### In progress ###,### In progress ###
ypid:YN4DF089012FA01D2A,Liftime Warranty Roofing,Preston PR2 2JD,,https://www.bing.com/maps?cp=53.7695426940918%7E-2.726595401763916&lvl=16.0&q=Liftime%20Warranty%20Roofing%20%2C%20Preston%20PR2%202JD,53.76954269,-2.726595402,,,Home service,Open 24 hours,http://www.lifetimewarrantyroofing.com/,07850 045200,### In progress ###,### In progress ###,### In progress ###,### In progress ###,### In progress ###
ypid:YN4EAC703C94EA3D6D,Weatherproof maintenance,"City House, 131 Friargate, Preston PR1 2EF",https://www.bing.com/th?id=OLC.sFyzUbqZ+T0yqg480x360&pid=Local,https://www.bing.com/maps?cp=53.760780334472656%7E-2.7039735317230225&lvl=16.0&q=Weatherproof%20maintenance%20%2C%20City%20House%2C%20131%20Friargate%2C%20Preston%20PR1%202EF,53.76078033,-2.703973532,5,Yell (2),Home service,Closed · Opens tomorrow 09:00,http://weatherproofmaintenance.co.uk/,01772 977797,### In progress ###,### In progress ###,### In progress ###,### In progress ###,### In progress ###
ypid:YN332D817E8279533A,Garage Roof Systems,"Miry Ln, Wigan WN6 7TG",https://www.bing.com/th?id=OLC.QKrY6wZPnx7bpg480x360&pid=Local,https://www.bing.com/maps?cp=53.548213958740234%7E-2.648590326309204&lvl=16.0&q=Garage%20Roof%20Systems%20%2C%20Miry%20Ln%2C%20Wigan%20WN6%207TG,53.54821396,-2.648590326,,,Home service,,https://www.garageroofs.com/,01942 820377,### In progress ###,### In progress ###,### In progress ###,### In progress ###,### In progress ###
ypid:YNF1050D172614B70A,Michael Waite roofing contractors,"127 Casterton Ave, Burnley BB10 2PB",,https://www.bing.com/maps?cp=53.8116340637207%7E-2.2282357215881348&lvl=16.0&q=Michael%20Waite%20roofing%20contractors%20%2C%20127%20Casterton%20Ave%2C%20Burnley%20BB10%202PB,53.81163406,-2.228235722,,,Home service,,https://www.lancashireroofer.co.uk/roofer-in-briercliffe/,07786 707953,### In progress ###,### In progress ###,### In progress ###,### In progress ###,### In progress ###
ypid:YNDF6A487ABD1964B,Newstone building and roofing,"11 Kingsdale Ave, Preston PR2 6XD",,https://www.bing.com/maps?cp=53.7825927734375%7E-2.670085906982422&lvl=16.0&q=Newstone%20building%20and%20roofing%20%2C%2011%20Kingsdale%20Ave%2C%20Preston%20PR2%206XD,53.78259277,-2.670085907,,,Home service,Open · Closes 00:00,,07425 722948,### In progress ###,### In progress ###,### In progress ###,### In progress ###,### In progress ###
ypid:YNC737101FB819E193,SSJ SEAMLESS GUTTERS AND ROOFING LTD,"Derby House, Lytham Rd, Preston PR2 8JE",,https://www.bing.com/maps?cp=53.77737045288086%7E-2.7148585319519043&lvl=16.0&q=SSJ%20SEAMLESS%20GUTTERS%20AND%20ROOFING%20LTD%20%2C%20Derby%20House%2C%20Lytham%20Rd%2C%20Preston%20PR2%208JE,53.77737045,-2.714858532,,,Professional services,Closed · Opens tomorrow 09:00,http://www.ssjseamlessgutters.com/,07493 371402,### In progress ###,### In progress ###,### In progress ###,### In progress ###,### In progress ###
ypid:YN4998252CDF06B483,AH Roofing Contractors,"7 The Hills, Preston PR2 5BF",https://www.bing.com/th?id=OLC.QrQN4DRNqsA+Nw480x360&pid=Local,https://www.bing.com/maps?cp=53.79475784301758%7E-2.638519287109375&lvl=16.0&q=AH%20Roofing%20Contractors%20%2C%207%20The%20Hills%2C%20Preston%20PR2%205BF,53.79475784,-2.638519287,,,Home service,,,07547 639381,### In progress ###,### In progress ###,### In progress ###,### In progress ###,### In progress ###
ypid:YN4AEAF02997AD55F6,Your Roofer,"20 Cavendish Dr, Preston PR2 6NA",,https://www.bing.com/maps?cp=53.77595901489258%7E-2.658539056777954&lvl=16.0&q=Your%20Roofer%20%2C%2020%20Cavendish%20Dr%2C%20Preston%20PR2%206NA,53.77595901,-2.658539057,,,Home service,Open · Closes 20:00,,07743 233888,### In progress ###,### In progress ###,### In progress ###,### In progress ###,### In progress ###
ypid:YN6F7E0DCDA1C368FD,Roof Helpline,"Edward Vii Quay, Navigation Way, Preston PR2 2YF",,https://www.bing.com/maps?cp=53.7620735168457%7E-2.7530479431152344&lvl=16.0&q=Roof%20Helpline%20%2C%20Edward%20Vii%20Quay%2C%20Navigation%20Way%2C%20Preston%20PR2%202YF,53.76207352,-2.753047943,,,Construction services,Closed · Opens tomorrow 09:00,https://roof-helpline.co.uk/,0800 135 7663,### In progress ###,### In progress ###,### In progress ###,### In progress ###,### In progress ###
ypid:YN9BDC989132720733,KIRKHAM ROOFERS,"Robson Way, Blackpool FY3 7PP",,https://www.bing.com/maps?cp=53.83926773071289%7E-3.0187737941741943&lvl=16.0&q=KIRKHAM%20ROOFERS%20%2C%20Robson%20Way%2C%20Blackpool%20FY3%207PP,53.83926773,-3.018773794,,,Home service,Open 24 hours,,07858 094570,### In progress ###,### In progress ###,### In progress ###,### In progress ###,### In progress ###
ypid:YNCF890D66F5ECC4D4,Roofing Contractors Liverpool,"Private Address in Ormskirk, England",,https://www.bing.com/maps?cp=53.638275146484375%7E-2.902853488922119&lvl=16.0&q=Roofing%20Contractors%20Liverpool%20%2C%20Private%20Address%20in%20Ormskirk%2C%20England,53.63827515,-2.902853489,,,Home service,Closed · Opens Mon 08:00,,0151 541 0600,### In progress ###,### In progress ###,### In progress ###,### In progress ###,### In progress ###
ypid:YNADD3F16384810A78,WarmRoof Systems,"245 Eldon St, Preston PR2 2BB",https://www.bing.com/th?id=OLC.qYXelThj7NgxrA480x360&pid=Local,https://www.bing.com/maps?cp=53.76914978027344%7E-2.722304582595825&lvl=16.0&q=WarmRoof%20Systems%20%2C%20245%20Eldon%20St%2C%20Preston%20PR2%202BB,53.76914978,-2.722304583,,,Home service,Closed · Opens Mon 08:00,http://www.fisherroof.co.uk/,01772 305149,### In progress ###,### In progress ###,### In progress ###,### In progress ###,### In progress ###
ypid:YN10441EA5258EE323,SJD Roofing Services,"57 Woodplumpton Rd, Preston PR2 2LQ",,https://www.bing.com/maps?cp=53.773590087890625%7E-2.7294819355010986&lvl=16.0&q=SJD%20Roofing%20Services%20%2C%2057%20Woodplumpton%20Rd%2C%20Preston%20PR2%202LQ,53.77359009,-2.729481936,,,Home service,Open 24 hours,,07590 917375,### In progress ###,### In progress ###,### In progress ###,### In progress ###,### In progress ###
ypid:YN55E99DBEA9E5B010,J Owens Roofing Contractors,"Grasmere Rd, Blackpool FY1 5PN",,https://www.bing.com/maps?cp=53.807289123535156%7E-3.0416741371154785&lvl=16.0&q=J%20Owens%20Roofing%20Contractors%20%2C%20Grasmere%20Rd%2C%20Blackpool%20FY1%205PN,53.80728912,-3.041674137,,,Home service,,,01253 767134,### In progress ###,### In progress ###,### In progress ###,### In progress ###,### In progress ###
ypid:YN9E07177E553C7C36,Roofing Contractors Blackburn,"Private Address in Blackburn, England",,https://www.bing.com/maps?cp=53.749637603759766%7E-2.4949417114257812&lvl=16.0&q=Roofing%20Contractors%20Blackburn%20%2C%20Private%20Address%20in%20Blackburn%2C%20England,53.7496376,-2.494941711,,,Home service,Closed · Opens Mon 08:00,,01254 492078,### In progress ###,### In progress ###,### In progress ###,### In progress ###,### In progress ###
ypid:YNF6FFE4593DB9A7DA,W Hughes & Son,"282-286 Ribbleton Ln, Preston PR1 5EB",,https://www.bing.com/maps?cp=53.76641845703125%7E-2.6794135570526123&lvl=16.0&q=W%20Hughes%20%26%20Son%20%2C%20282-286%20Ribbleton%20Ln%2C%20Preston%20PR1%205EB,53.76641846,-2.679413557,,,Contractor,,http://www.whughes.co.uk/,01772 792334,### In progress ###,### In progress ###,### In progress ###,### In progress ###,### In progress ###
ypid:YN3EA0BBCE51CD28AC,Ashton's Roof Care,"203 Mossy Lea Rd, Wigan WN6 9RW",,https://www.bing.com/maps?cp=53.60242462158203%7E-2.6993443965911865&lvl=16.0&q=Ashton's%20Roof%20Care%20%2C%20203%20Mossy%20Lea%20Rd%2C%20Wigan%20WN6%209RW,53.60242462,-2.699344397,,,Home service,,,01257 423620,### In progress ###,### In progress ###,### In progress ###,### In progress ###,### In progress ###
ypid:YN69CE212124ECB8D,Gavin's Roof Repairs & Maintenance,"8 Old Penny Gardens, Morecambe LA4 6UZ",,https://www.bing.com/maps?cp=54.06684875488281%7E-2.8342368602752686&lvl=16.0&q=Gavin's%20Roof%20Repairs%20%26%20Maintenance%20%2C%208%20Old%20Penny%20Gardens%2C%20Morecambe%20LA4%206UZ,54.06684875,-2.83423686,,,Home service,,,07711 030565,### In progress ###,### In progress ###,### In progress ###,### In progress ###,### In progress ###
ypid:YN1A8D98F8C45CEF41,J.Fraser Roof & Home Maintenance,"Private Address in Bolton, England",,https://www.bing.com/maps?cp=53.59334945678711%7E-2.510166883468628&lvl=16.0&q=J.Fraser%20Roof%20%26%20Home%20Maintenance%20%2C%20Private%20Address%20in%20Bolton%2C%20England,53.59334946,-2.510166883,,,Home service,Closed · Opens Mon 08:00,http://www.facebook.com/jfrasermaintenance,07342 306513,### In progress ###,### In progress ###,### In progress ###,### In progress ###,### In progress ###
ypid:YN20737B81D8D62A5C,FLG Roof Surveys,"1 Glen Grove, Preston PR2 6SB",,https://www.bing.com/maps?cp=53.78392028808594%7E-2.654362916946411&lvl=16.0&q=FLG%20Roof%20Surveys%20%2C%201%20Glen%20Grove%2C%20Preston%20PR2%206SB,53.78392029,-2.654362917,,,Home service,Open 24 hours,http://www.mybuilder.com/ checkatrade/ bark,07724 616385,### In progress ###,### In progress ###,### In progress ###,### In progress ###,### In progress ###
ypid:YN3D165A4799AA47DD,Enviro Roof Flat Roofing Systems Ltd,Shevington WN6 8AH,,https://www.bing.com/maps?cp=53.57610321044922%7E-2.6851017475128174&lvl=16.0&q=Enviro%20Roof%20Flat%20Roofing%20Systems%20Ltd%20%2C%20Shevington%20WN6%208AH,53.57610321,-2.685101748,,,Home service,,http://www.enviro-roof.co.uk/,01257 472825,### In progress ###,### In progress ###,### In progress ###,### In progress ###,### In progress ###
ypid:YN9444F4571F67C823,Wayne Jobey Building & Roofing Contractors,"14 Norfolk Ave, Morecambe LA3 1JF",,https://www.bing.com/maps?cp=54.05978775024414%7E-2.882514238357544&lvl=16.0&q=Wayne%20Jobey%20Building%20%26%20Roofing%20Contractors%20%2C%2014%20Norfolk%20Ave%2C%20Morecambe%20LA3%201JF,54.05978775,-2.882514238,,,Home service,Open · Closes 23:59,,01524 424171,### In progress ###,### In progress ###,### In progress ###,### In progress ###,### In progress ###
ypid:YND58CF0B0E214E9F1,SupaLite Tiled roof System,"Unit 25 Old Mill Industrial Estate, Preston PR5 6SY",,https://www.bing.com/maps?cp=53.73551559448242%7E-2.6581969261169434&lvl=16.0&q=SupaLite%20Tiled%20roof%20System%20%2C%20Unit%2025%20Old%20Mill%20Industrial%20Estate%2C%20Preston%20PR5%206SY,53.73551559,-2.658196926,,,Construction services,,,01772 868060,### In progress ###,### In progress ###,### In progress ###,### In progress ###,### In progress ###
ypid:YNB05D41A6595521CA,Clean Slate Roof and Exterior Cleaning Services,"Private Address in Lancaster, England",,https://www.bing.com/maps?cp=54.06806945800781%7E-2.775160789489746&lvl=16.0&q=Clean%20Slate%20Roof%20and%20Exterior%20Cleaning%20Services%20%2C%20Private%20Address%20in%20Lancaster%2C%20England,54.06806946,-2.775160789,,,Home service,Closed · Opens Mon 09:00,,07400 363635,### In progress ###,### In progress ###,### In progress ###,### In progress ###,### In progress ###
ypid:YN639404C58DBDAD22,Roof Tech Warranties,"Wintergreen House, 1 Lord St, Lytham St Anne's FY8 2DF",,https://www.bing.com/maps?cp=53.75647735595703%7E-3.0327956676483154&lvl=16.0&q=Roof%20Tech%20Warranties%20%2C%20Wintergreen%20House%2C%201%20Lord%20St%2C%20Lytham%20St%20Anne's%20FY8%202DF,53.75647736,-3.032795668,,,Home service,Open · Closes 20:00,,01253 780588,### In progress ###,### In progress ###,### In progress ###,### In progress ###,### In progress ###
ypid:YN5303163F162379E4,Jones Asbestos Services,"Chaddleworth, Hall Ln, Wigan WN6 9EQ",https://www.bing.com/th?id=OLC.TAs46VgLcm8HUA480x360&pid=Local,https://www.bing.com/maps?cp=53.592315673828125%7E-2.7278223037719727&lvl=16.0&q=Jones%20Asbestos%20Services%20%2C%20Chaddleworth%2C%20Hall%20Ln%2C%20Wigan%20WN6%209EQ,53.59231567,-2.727822304,,,Health & medical,Open · Closes 23:00,http://www.asbestoscollections.co.uk/,07931 890343,### In progress ###,### In progress ###,### In progress ###,### In progress ###,### In progress ###